edition_ID,City_ID,Language,State,Month,Copies Sold,copies_returned,Net_Circulation
ED1009,C009,Hindi,gujarat,May-21,???284209,8863,275346
ED1001,C001,hindi,Uttar pradesh,Feb-21,179246,7859,171387
ED1001,C001,hindi,Uttar pradesh,Aug-20,198483,13054,185429
ED1005,C005,Hindi,Rajasthan,Mar-20,445242,18829,426413
ED1007,C007,Hindi,Jharkhand,May-19,245193,11188,234005
ED1003,C003,Hindi,Madhya_Pradesh,24-Dec,211342,16081,195261
ED1007,C007,Hindi,Jharkhand,24-Dec,188572,8788,179784
ED1006,C006,english,maharashtra,24-Dec,311533,22068,289465
ED1010,C010,Hindi,Uttar-Pradesh,24-Dec,374180,26217,347963
ED1004,C004,Hindi,bihar,24-Dec,206311,10875,195436
ED1008,C008,Hindi,Uttar Pradesh,24-Dec,285163,11104,274059
ED1005,C005,Hindi,Rajasthan,24-Dec,383036,20697,362339
ED1002,C002,ENGLISH,Delhi,24-Dec,281237,12155,269082
ED1009,C009,Hindi,gujarat,24-Dec,242429,10060,232369
ED1001,C001,hindi,Uttar pradesh,24-Dec,???152122,7049,145073
ED1006,C006,english,maharashtra,24-Nov,304809,13930,290879
ED1001,C001,hindi,Uttar pradesh,24-Nov,146927,7829,139098
ED1004,C004,Hindi,bihar,24-Nov,195545,11170,184375
ED1002,C002,ENGLISH,Delhi,24-Nov,290649,15885,274764
ED1010,C010,Hindi,Uttar-Pradesh,24-Nov,358044,15164,342880
ED1005,C005,Hindi,Rajasthan,24-Nov,353118,14665,338453
ED1008,C008,Hindi,Uttar Pradesh,24-Nov,299971,20533,279438
ED1007,C007,Hindi,Jharkhand,24-Nov,186877,6163,180714
ED1009,C009,Hindi,gujarat,24-Nov,???247679,19108,228571
ED1003,C003,Hindi,Madhya_Pradesh,24-Nov,216889,7440,209449
ED1003,C003,Hindi,Madhya_Pradesh,24-Oct,207963,9464,198499
ED1005,C005,Hindi,Rajasthan,24-Oct,363181,14806,348375
ED1001,C001,hindi,Uttar pradesh,24-Oct,161378,10424,150954
ED1007,C007,Hindi,Jharkhand,24-Oct,181025,11340,169685
ED1009,C009,Hindi,gujarat,24-Oct,247205,10947,236258
ED1006,C006,english,maharashtra,24-Oct,303020,9716,293304
ED1002,C002,ENGLISH,Delhi,24-Oct,287361,21671,265690
ED1004,C004,Hindi,bihar,24-Oct,202115,16068,186047
ED1008,C008,Hindi,Uttar Pradesh,24-Oct,281599,12239,269360
ED1010,C010,Hindi,Uttar-Pradesh,24-Oct,372642,20339,352303
ED1010,C010,Hindi,Uttar-Pradesh,24-Sep,364199,26695,337504
ED1009,C009,Hindi,gujarat,24-Sep,234482,17217,217265
ED1005,C005,Hindi,Rajasthan,24-Sep,351552,20359,331193
ED1003,C003,Hindi,Madhya_Pradesh,24-Sep,212229,11973,200256
ED1002,C002,ENGLISH,Delhi,24-Sep,???292026,19106,272920
ED1004,C004,Hindi,bihar,24-Sep,197044,9743,187301
ED1001,C001,hindi,Uttar pradesh,24-Sep,156904,6338,150566
ED1008,C008,Hindi,Uttar Pradesh,24-Sep,278845,9840,269005
ED1006,C006,english,maharashtra,24-Sep,307852,21945,285907
ED1007,C007,Hindi,Jharkhand,24-Sep,191781,7657,184124
ED1008,C008,Hindi,Uttar Pradesh,24-Aug,283139,21735,261404
ED1003,C003,Hindi,Madhya_Pradesh,24-Aug,215145,13945,201200
ED1010,C010,Hindi,Uttar-Pradesh,24-Aug,375754,12602,363152
ED1007,C007,Hindi,Jharkhand,24-Aug,192417,7528,184889
ED1005,C005,Hindi,Rajasthan,24-Aug,358432,16536,341896
ED1009,C009,Hindi,gujarat,24-Aug,231195,7247,223948
ED1004,C004,Hindi,bihar,24-Aug,190879,7143,183736
ED1001,C001,hindi,Uttar pradesh,24-Aug,151526,6891,144635
ED1002,C002,ENGLISH,Delhi,24-Aug,292105,10297,281808
ED1006,C006,english,maharashtra,24-Aug,319995,10479,309516
ED1003,C003,Hindi,Madhya_Pradesh,24-Jul,211625,15649,195976
ED1010,C010,Hindi,Uttar-Pradesh,24-Jul,377974,24863,353111
ED1006,C006,english,maharashtra,24-Jul,318741,21801,296940
ED1001,C001,hindi,Uttar pradesh,24-Jul,160376,6900,153476
ED1005,C005,Hindi,Rajasthan,24-Jul,348448,15182,333266
ED1008,C008,Hindi,Uttar Pradesh,24-Jul,281380,19064,262316
ED1009,C009,Hindi,gujarat,24-Jul,254073,10810,243263
ED1004,C004,Hindi,bihar,24-Jul,191865,11363,180502
ED1007,C007,Hindi,Jharkhand,24-Jul,174777,9071,165706
ED1002,C002,ENGLISH,Delhi,24-Jul,296188,18293,277895
ED1001,C001,hindi,Uttar pradesh,24-Jun,149986,6387,143599
ED1008,C008,Hindi,Uttar Pradesh,24-Jun,299314,17723,281591
ED1003,C003,Hindi,Madhya_Pradesh,24-Jun,218393,11815,206578
ED1004,C004,Hindi,bihar,24-Jun,196578,14879,181699
ED1005,C005,Hindi,Rajasthan,24-Jun,359048,23375,335673
ED1002,C002,ENGLISH,Delhi,24-Jun,297083,22671,274412
ED1006,C006,english,maharashtra,24-Jun,327225,10187,317038
ED1007,C007,Hindi,Jharkhand,24-Jun,178080,8753,169327
ED1009,C009,Hindi,gujarat,24-Jun,249959,15383,234576
ED1010,C010,Hindi,Uttar-Pradesh,24-Jun,357724,12898,344826
ED1010,C010,Hindi,Uttar-Pradesh,24-May,363888,17379,346509
ED1005,C005,Hindi,Rajasthan,24-May,382678,27859,354819
ED1003,C003,Hindi,Madhya_Pradesh,24-May,215893,16101,199792
ED1002,C002,ENGLISH,Delhi,24-May,???273965,21792,252173
ED1008,C008,Hindi,Uttar Pradesh,24-May,297245,19047,278198
ED1006,C006,english,maharashtra,24-May,321247,20089,301158
ED1004,C004,Hindi,bihar,24-May,206377,8550,197827
ED1009,C009,Hindi,gujarat,24-May,248981,11622,237359
ED1007,C007,Hindi,Jharkhand,24-May,176290,11631,164659
ED1001,C001,hindi,Uttar pradesh,24-May,152776,8424,144352
ED1001,C001,hindi,Uttar pradesh,24-Apr,155269,9394,145875
ED1002,C002,ENGLISH,Delhi,24-Apr,291694,22100,269594
ED1005,C005,Hindi,Rajasthan,24-Apr,363198,18301,344897
ED1009,C009,Hindi,gujarat,24-Apr,236282,15681,220601
ED1010,C010,Hindi,Uttar-Pradesh,24-Apr,345007,12867,332140
ED1006,C006,english,maharashtra,24-Apr,301702,22930,278772
ED1007,C007,Hindi,Jharkhand,24-Apr,???182586,9562,173024
ED1003,C003,Hindi,Madhya_Pradesh,24-Apr,217667,9028,208639
ED1004,C004,Hindi,bihar,24-Apr,206098,15090,191008
ED1008,C008,Hindi,Uttar Pradesh,24-Apr,289849,21452,268397
ED1005,C005,Hindi,Rajasthan,24-Mar,357236,21401,335835
ED1010,C010,Hindi,Uttar-Pradesh,24-Mar,360722,23761,336961
ED1006,C006,english,maharashtra,24-Mar,330634,21466,309168
ED1004,C004,Hindi,bihar,24-Mar,191673,7207,184466
ED1007,C007,Hindi,Jharkhand,24-Mar,178757,9871,168886
ED1009,C009,Hindi,gujarat,24-Mar,240475,9878,230597
ED1003,C003,Hindi,Madhya_Pradesh,24-Mar,213084,10977,202107
ED1002,C002,ENGLISH,Delhi,24-Mar,294099,22931,271168
ED1001,C001,hindi,Uttar pradesh,24-Mar,161495,11730,149765
ED1008,C008,Hindi,Uttar Pradesh,24-Mar,???284706,20245,264461
ED1002,C002,ENGLISH,Delhi,24-Feb,299137,22038,277099
ED1007,C007,Hindi,Jharkhand,24-Feb,179614,10816,168798
ED1001,C001,hindi,Uttar pradesh,24-Feb,156049,9881,146168
ED1004,C004,Hindi,bihar,24-Feb,197427,7095,190332
ED1005,C005,Hindi,Rajasthan,24-Feb,362743,22008,340735
ED1010,C010,Hindi,Uttar-Pradesh,24-Feb,354606,14872,339734
ED1006,C006,english,maharashtra,24-Feb,321044,18300,302744
ED1009,C009,Hindi,gujarat,24-Feb,232412,11666,220746
ED1008,C008,Hindi,Uttar Pradesh,24-Feb,284638,12119,272519
ED1003,C003,Hindi,Madhya_Pradesh,24-Feb,212262,15742,196520
ED1009,C009,Hindi,gujarat,24-Jan,231585,10447,221138
ED1001,C001,hindi,Uttar pradesh,24-Jan,162016,12321,149695
ED1006,C006,english,maharashtra,24-Jan,307998,13660,294338
ED1002,C002,ENGLISH,Delhi,24-Jan,282501,17096,265405
ED1003,C003,Hindi,Madhya_Pradesh,24-Jan,???212594,8304,204290
ED1005,C005,Hindi,Rajasthan,24-Jan,378727,17567,361160
ED1010,C010,Hindi,Uttar-Pradesh,24-Jan,352843,26315,326528
ED1007,C007,Hindi,Jharkhand,24-Jan,189977,7511,182466
ED1008,C008,Hindi,Uttar Pradesh,24-Jan,278000,8569,269431
ED1004,C004,Hindi,bihar,24-Jan,???197776,7686,190090
ED1002,C002,ENGLISH,Delhi,23-Dec,292264,19810,272454
ED1004,C004,Hindi,bihar,23-Dec,208141,12397,195744
ED1003,C003,Hindi,Madhya_Pradesh,23-Dec,216335,17008,199327
ED1009,C009,Hindi,gujarat,23-Dec,247551,18629,228922
ED1010,C010,Hindi,Uttar-Pradesh,23-Dec,395877,22374,373503
ED1006,C006,english,maharashtra,23-Dec,???321671,23740,297931
ED1001,C001,hindi,Uttar pradesh,23-Dec,167015,9768,157247
ED1005,C005,Hindi,Rajasthan,23-Dec,394044,24590,369454
ED1008,C008,Hindi,Uttar Pradesh,23-Dec,293693,20074,273619
ED1007,C007,Hindi,Jharkhand,23-Dec,192912,14576,178336
ED1010,C010,Hindi,Uttar-Pradesh,23-Nov,389952,17470,372482
ED1005,C005,Hindi,Rajasthan,23-Nov,376918,25370,351548
ED1004,C004,Hindi,bihar,23-Nov,202428,10508,191920
ED1009,C009,Hindi,gujarat,23-Nov,249976,9992,239984
ED1007,C007,Hindi,Jharkhand,23-Nov,199474,10455,189019
ED1003,C003,Hindi,Madhya_Pradesh,23-Nov,???219522,16943,202579
ED1006,C006,english,maharashtra,23-Nov,330041,15405,314636
ED1008,C008,Hindi,Uttar Pradesh,23-Nov,302169,23058,279111
ED1001,C001,hindi,Uttar pradesh,23-Nov,169050,12542,156508
ED1002,C002,ENGLISH,Delhi,23-Nov,301072,23840,277232
ED1006,C006,english,maharashtra,23-Oct,333322,13546,319776
ED1009,C009,Hindi,gujarat,23-Oct,268108,14074,254034
ED1001,C001,hindi,Uttar pradesh,23-Oct,???172787,5803,166984
ED1010,C010,Hindi,Uttar-Pradesh,23-Oct,???386914,26298,360616
ED1002,C002,ENGLISH,Delhi,23-Oct,???300381,16472,283909
ED1007,C007,Hindi,Jharkhand,23-Oct,194458,7833,186625
ED1003,C003,Hindi,Madhya_Pradesh,23-Oct,???217132,7711,209421
ED1008,C008,Hindi,Uttar Pradesh,23-Oct,314092,11885,302207
ED1005,C005,Hindi,Rajasthan,23-Oct,???370926,25113,345813
ED1004,C004,Hindi,bihar,23-Oct,205079,10916,194163
ED1006,C006,english,maharashtra,23-Sep,346960,20431,326529
ED1005,C005,Hindi,Rajasthan,23-Sep,385975,11796,374179
ED1001,C001,hindi,Uttar pradesh,23-Sep,163687,5466,158221
ED1010,C010,Hindi,Uttar-Pradesh,23-Sep,405577,27776,377801
ED1004,C004,Hindi,bihar,23-Sep,221093,16270,204823
ED1007,C007,Hindi,Jharkhand,23-Sep,201743,10783,190960
ED1003,C003,Hindi,Madhya_Pradesh,23-Sep,229149,7087,222062
ED1009,C009,Hindi,gujarat,23-Sep,245628,14654,230974
ED1002,C002,ENGLISH,Delhi,23-Sep,303202,12938,290264
ED1008,C008,Hindi,Uttar Pradesh,23-Sep,303528,18662,284866
ED1001,C001,hindi,Uttar pradesh,23-Aug,162799,10087,152712
ED1003,C003,Hindi,Madhya_Pradesh,23-Aug,237182,15764,221418
ED1009,C009,Hindi,gujarat,23-Aug,255668,15172,240496
ED1007,C007,Hindi,Jharkhand,23-Aug,186610,8792,177818
ED1008,C008,Hindi,Uttar Pradesh,23-Aug,298630,11882,286748
ED1004,C004,Hindi,bihar,23-Aug,218647,11455,207192
ED1010,C010,Hindi,Uttar-Pradesh,23-Aug,401511,15689,385822
ED1002,C002,ENGLISH,Delhi,23-Aug,304256,23271,280985
ED1006,C006,english,maharashtra,23-Aug,???324550,20306,304244
ED1005,C005,Hindi,Rajasthan,23-Aug,395985,25158,370827
ED1001,C001,hindi,Uttar pradesh,23-Jul,168893,12285,156608
ED1003,C003,Hindi,Madhya_Pradesh,23-Jul,216540,10117,206423
ED1005,C005,Hindi,Rajasthan,23-Jul,386491,28006,358485
ED1002,C002,ENGLISH,Delhi,23-Jul,298251,10127,288124
ED1007,C007,Hindi,Jharkhand,23-Jul,205824,8938,196886
ED1006,C006,english,maharashtra,23-Jul,335223,19435,315788
ED1008,C008,Hindi,Uttar Pradesh,23-Jul,297132,19299,277833
ED1009,C009,Hindi,gujarat,23-Jul,249998,10800,239198
ED1010,C010,Hindi,Uttar-Pradesh,23-Jul,398429,17762,380667
ED1004,C004,Hindi,bihar,23-Jul,203130,12260,190870
ED1010,C010,Hindi,Uttar-Pradesh,23-Jun,404964,12252,392712
ED1008,C008,Hindi,Uttar Pradesh,23-Jun,304510,10203,294307
ED1009,C009,Hindi,gujarat,23-Jun,247690,12116,235574
ED1007,C007,Hindi,Jharkhand,23-Jun,202048,6080,195968
ED1002,C002,ENGLISH,Delhi,23-Jun,315684,17506,298178
ED1005,C005,Hindi,Rajasthan,23-Jun,409139,23719,385420
ED1001,C001,hindi,Uttar pradesh,23-Jun,158938,6724,152214
ED1003,C003,Hindi,Madhya_Pradesh,23-Jun,233916,8410,225506
ED1004,C004,Hindi,bihar,23-Jun,???216732,11385,205347
ED1006,C006,english,maharashtra,23-Jun,350455,21184,329271
ED1005,C005,Hindi,Rajasthan,23-May,404389,13510,390879
ED1003,C003,Hindi,Madhya_Pradesh,23-May,232941,18260,214681
ED1009,C009,Hindi,gujarat,23-May,268292,15003,253289
ED1006,C006,english,maharashtra,23-May,325865,14547,311318
ED1004,C004,Hindi,bihar,23-May,212634,8837,203797
ED1002,C002,ENGLISH,Delhi,23-May,307469,18023,289446
ED1008,C008,Hindi,Uttar Pradesh,23-May,???310510,14711,295799
ED1001,C001,hindi,Uttar pradesh,23-May,156940,4991,151949
ED1007,C007,Hindi,Jharkhand,23-May,205551,12997,192554
ED1010,C010,Hindi,Uttar-Pradesh,23-May,379193,17610,361583
ED1009,C009,Hindi,gujarat,23-Apr,266904,13638,253266
ED1001,C001,hindi,Uttar pradesh,23-Apr,157662,11393,146269
ED1006,C006,english,maharashtra,23-Apr,321252,11856,309396
ED1003,C003,Hindi,Madhya_Pradesh,23-Apr,238467,9716,228751
ED1007,C007,Hindi,Jharkhand,23-Apr,198726,11096,187630
ED1002,C002,ENGLISH,Delhi,23-Apr,292983,22927,270056
ED1004,C004,Hindi,bihar,23-Apr,209179,12026,197153
ED1010,C010,Hindi,Uttar-Pradesh,23-Apr,400526,25275,375251
ED1008,C008,Hindi,Uttar Pradesh,23-Apr,290811,22582,268229
ED1005,C005,Hindi,Rajasthan,23-Apr,372154,22146,350008
ED1005,C005,Hindi,Rajasthan,23-Mar,???407058,26710,380348
ED1010,C010,Hindi,Uttar-Pradesh,23-Mar,371591,22365,349226
ED1001,C001,hindi,Uttar pradesh,23-Mar,166088,9479,156609
ED1003,C003,Hindi,Madhya_Pradesh,23-Mar,229761,13569,216192
ED1007,C007,Hindi,Jharkhand,23-Mar,188327,6479,181848
ED1008,C008,Hindi,Uttar Pradesh,23-Mar,???295287,12082,283205
ED1004,C004,Hindi,bihar,23-Mar,217142,6610,210532
ED1009,C009,Hindi,gujarat,23-Mar,270995,18709,252286
ED1002,C002,ENGLISH,Delhi,23-Mar,317071,21657,295414
ED1006,C006,english,maharashtra,23-Mar,???351024,15435,335589
ED1001,C001,hindi,Uttar pradesh,23-Feb,171576,11259,160317
ED1004,C004,Hindi,bihar,23-Feb,211696,7360,204336
ED1010,C010,Hindi,Uttar-Pradesh,23-Feb,373504,11939,361565
ED1006,C006,english,maharashtra,23-Feb,322438,17714,304724
ED1007,C007,Hindi,Jharkhand,23-Feb,193467,14012,179455
ED1003,C003,Hindi,Madhya_Pradesh,23-Feb,221274,8557,212717
ED1009,C009,Hindi,gujarat,23-Feb,247852,14529,233323
ED1008,C008,Hindi,Uttar Pradesh,23-Feb,300348,10038,290310
ED1005,C005,Hindi,Rajasthan,23-Feb,402721,20474,382247
ED1002,C002,ENGLISH,Delhi,23-Feb,315721,20264,295457
ED1002,C002,ENGLISH,Delhi,23-Jan,319153,13703,305450
ED1005,C005,Hindi,Rajasthan,23-Jan,395177,20456,374721
ED1006,C006,english,maharashtra,23-Jan,348027,24975,323052
ED1003,C003,Hindi,Madhya_Pradesh,23-Jan,236649,17145,219504
ED1008,C008,Hindi,Uttar Pradesh,23-Jan,291126,9742,281384
ED1004,C004,Hindi,bihar,23-Jan,207491,10981,196510
ED1009,C009,Hindi,gujarat,23-Jan,???253619,9662,243957
ED1001,C001,hindi,Uttar pradesh,23-Jan,???170434,5732,164702
ED1007,C007,Hindi,Jharkhand,23-Jan,???198669,15025,183644
ED1010,C010,Hindi,Uttar-Pradesh,23-Jan,385935,14004,371931
ED1009,C009,Hindi,gujarat,22-Dec,288006,20972,267034
ED1005,C005,Hindi,Rajasthan,22-Dec,431462,25557,405905
ED1008,C008,Hindi,Uttar Pradesh,22-Dec,325235,10835,314400
ED1010,C010,Hindi,Uttar-Pradesh,22-Dec,411852,14185,397667
ED1004,C004,Hindi,bihar,22-Dec,227071,12032,215039
ED1007,C007,Hindi,Jharkhand,22-Dec,199330,13445,185885
ED1006,C006,english,maharashtra,22-Dec,350550,19990,330560
ED1002,C002,ENGLISH,Delhi,22-Dec,317276,21051,296225
ED1001,C001,hindi,Uttar pradesh,22-Dec,179866,6404,173462
ED1003,C003,Hindi,Madhya_Pradesh,22-Dec,231378,9764,221614
ED1007,C007,Hindi,Jharkhand,22-Nov,???216680,7052,209628
ED1002,C002,ENGLISH,Delhi,22-Nov,327736,20675,307061
ED1009,C009,Hindi,gujarat,22-Nov,265761,10014,255747
ED1008,C008,Hindi,Uttar Pradesh,22-Nov,337050,21221,315829
ED1005,C005,Hindi,Rajasthan,22-Nov,416265,18289,397976
ED1001,C001,hindi,Uttar pradesh,22-Nov,183103,8634,174469
ED1003,C003,Hindi,Madhya_Pradesh,22-Nov,234009,14424,219585
ED1010,C010,Hindi,Uttar-Pradesh,22-Nov,427465,30857,396608
ED1004,C004,Hindi,bihar,22-Nov,232272,14451,217821
ED1006,C006,english,maharashtra,22-Nov,360956,14802,346154
ED1008,C008,Hindi,Uttar Pradesh,22-Oct,321968,10534,311434
ED1009,C009,Hindi,gujarat,22-Oct,285568,16700,268868
ED1006,C006,english,maharashtra,22-Oct,341316,10682,330634
ED1002,C002,ENGLISH,Delhi,22-Oct,320199,24615,295584
ED1005,C005,Hindi,Rajasthan,22-Oct,434571,22479,412092
ED1004,C004,Hindi,bihar,22-Oct,215446,14739,200707
ED1001,C001,hindi,Uttar pradesh,22-Oct,177713,12901,164812
ED1010,C010,Hindi,Uttar-Pradesh,22-Oct,408626,21177,387449
ED1007,C007,Hindi,Jharkhand,22-Oct,201642,14242,187400
ED1003,C003,Hindi,Madhya_Pradesh,22-Oct,231160,9887,221273
ED1008,C008,Hindi,Uttar Pradesh,22-Sep,317011,13471,303540
ED1001,C001,hindi,Uttar pradesh,22-Sep,180272,13479,166793
ED1004,C004,Hindi,bihar,22-Sep,???222260,14531,207729
ED1003,C003,Hindi,Madhya_Pradesh,22-Sep,230079,13853,216226
ED1005,C005,Hindi,Rajasthan,22-Sep,395706,22363,373343
ED1002,C002,ENGLISH,Delhi,22-Sep,333296,26422,306874
ED1006,C006,english,maharashtra,22-Sep,350362,25717,324645
ED1010,C010,Hindi,Uttar-Pradesh,22-Sep,399465,25537,373928
ED1009,C009,Hindi,gujarat,22-Sep,279981,11713,268268
ED1007,C007,Hindi,Jharkhand,22-Sep,213418,13578,199840
ED1004,C004,Hindi,bihar,22-Aug,231765,14158,217607
ED1009,C009,Hindi,gujarat,22-Aug,263343,11298,252045
ED1001,C001,hindi,Uttar pradesh,22-Aug,168287,7054,161233
ED1008,C008,Hindi,Uttar Pradesh,22-Aug,333280,23147,310133
ED1005,C005,Hindi,Rajasthan,22-Aug,429263,13831,415432
ED1010,C010,Hindi,Uttar-Pradesh,22-Aug,418387,32968,385419
ED1002,C002,ENGLISH,Delhi,22-Aug,322620,11020,311600
ED1006,C006,english,maharashtra,22-Aug,344331,18026,326305
ED1003,C003,Hindi,Madhya_Pradesh,22-Aug,241959,13178,228781
ED1007,C007,Hindi,Jharkhand,22-Aug,209478,7021,202457
ED1002,C002,ENGLISH,Delhi,22-Jul,323679,21547,302132
ED1001,C001,hindi,Uttar pradesh,22-Jul,179596,8762,170834
ED1010,C010,Hindi,Uttar-Pradesh,22-Jul,399865,17916,381949
ED1009,C009,Hindi,gujarat,22-Jul,265621,15335,250286
ED1003,C003,Hindi,Madhya_Pradesh,22-Jul,249101,16099,233002
ED1006,C006,english,maharashtra,22-Jul,353031,11203,341828
ED1004,C004,Hindi,bihar,22-Jul,218233,10100,208133
ED1008,C008,Hindi,Uttar Pradesh,22-Jul,315365,10785,304580
ED1007,C007,Hindi,Jharkhand,22-Jul,218712,9783,208929
ED1005,C005,Hindi,Rajasthan,22-Jul,418750,30907,387843
ED1005,C005,Hindi,Rajasthan,22-Jun,430228,15138,415090
ED1001,C001,hindi,Uttar pradesh,22-Jun,177239,13834,163405
ED1004,C004,Hindi,bihar,22-Jun,???217818,10245,207573
ED1008,C008,Hindi,Uttar Pradesh,22-Jun,309216,14045,295171
ED1009,C009,Hindi,gujarat,22-Jun,264467,13767,250700
ED1003,C003,Hindi,Madhya_Pradesh,22-Jun,253273,13780,239493
ED1002,C002,ENGLISH,Delhi,22-Jun,320662,13153,307509
ED1010,C010,Hindi,Uttar-Pradesh,22-Jun,420921,19348,401573
ED1007,C007,Hindi,Jharkhand,22-Jun,199486,15667,183819
ED1006,C006,english,maharashtra,22-Jun,???356241,19228,337013
ED1005,C005,Hindi,Rajasthan,22-May,422488,22678,399810
ED1004,C004,Hindi,bihar,22-May,???225790,8189,217601
ED1010,C010,Hindi,Uttar-Pradesh,22-May,423964,26807,397157
ED1003,C003,Hindi,Madhya_Pradesh,22-May,229715,13548,216167
ED1009,C009,Hindi,gujarat,22-May,286832,18358,268474
ED1008,C008,Hindi,Uttar Pradesh,22-May,333128,13029,320099
ED1006,C006,english,maharashtra,22-May,341885,18674,323211
ED1002,C002,ENGLISH,Delhi,22-May,338375,16342,322033
ED1007,C007,Hindi,Jharkhand,22-May,209402,11971,197431
ED1001,C001,hindi,Uttar pradesh,22-May,183598,10862,172736
ED1001,C001,hindi,Uttar pradesh,22-Apr,166729,5975,160754
ED1005,C005,Hindi,Rajasthan,22-Apr,406326,24740,381586
ED1010,C010,Hindi,Uttar-Pradesh,22-Apr,395165,31086,364079
ED1006,C006,english,maharashtra,22-Apr,341419,12054,329365
ED1004,C004,Hindi,bihar,22-Apr,221038,6872,214166
ED1008,C008,Hindi,Uttar Pradesh,22-Apr,317426,14906,302520
ED1002,C002,ENGLISH,Delhi,22-Apr,338604,25033,313571
ED1003,C003,Hindi,Madhya_Pradesh,22-Apr,245360,7943,237417
ED1009,C009,Hindi,gujarat,22-Apr,263383,18967,244416
ED1007,C007,Hindi,Jharkhand,22-Apr,214527,7363,207164
ED1010,C010,Hindi,Uttar-Pradesh,22-Mar,390340,12438,377902
ED1004,C004,Hindi,bihar,22-Mar,215106,13963,201143
ED1006,C006,english,maharashtra,22-Mar,349292,10742,338550
ED1002,C002,ENGLISH,Delhi,22-Mar,310536,10843,299693
ED1003,C003,Hindi,Madhya_Pradesh,22-Mar,250696,9111,241585
ED1007,C007,Hindi,Jharkhand,22-Mar,200941,14065,186876
ED1005,C005,Hindi,Rajasthan,22-Mar,407619,21910,385709
ED1001,C001,hindi,Uttar pradesh,22-Mar,172470,8671,163799
ED1008,C008,Hindi,Uttar Pradesh,22-Mar,338562,26544,312018
ED1009,C009,Hindi,gujarat,22-Mar,284167,18704,265463
ED1002,C002,ENGLISH,Delhi,22-Feb,336080,11781,324299
ED1003,C003,Hindi,Madhya_Pradesh,22-Feb,238270,8488,229782
ED1008,C008,Hindi,Uttar Pradesh,22-Feb,309472,10895,298577
ED1007,C007,Hindi,Jharkhand,22-Feb,215220,12387,202833
ED1001,C001,hindi,Uttar pradesh,22-Feb,166471,5323,161148
ED1004,C004,Hindi,bihar,22-Feb,225391,15358,210033
ED1005,C005,Hindi,Rajasthan,22-Feb,???398343,21392,376951
ED1010,C010,Hindi,Uttar-Pradesh,22-Feb,402955,18291,384664
ED1009,C009,Hindi,gujarat,22-Feb,273483,12702,260781
ED1006,C006,english,maharashtra,22-Feb,???361828,17506,344322
ED1002,C002,ENGLISH,Delhi,22-Jan,333163,13288,319875
ED1005,C005,Hindi,Rajasthan,22-Jan,406330,31543,374787
ED1007,C007,Hindi,Jharkhand,22-Jan,203847,13715,190132
ED1010,C010,Hindi,Uttar-Pradesh,22-Jan,430430,16040,414390
ED1006,C006,english,maharashtra,22-Jan,356679,21708,334971
ED1003,C003,Hindi,Madhya_Pradesh,22-Jan,244673,18000,226673
ED1009,C009,Hindi,gujarat,22-Jan,269131,11324,257807
ED1001,C001,hindi,Uttar pradesh,22-Jan,176470,6256,170214
ED1008,C008,Hindi,Uttar Pradesh,22-Jan,311206,24855,286351
ED1004,C004,Hindi,bihar,22-Jan,233409,13658,219751
ED1005,C005,Hindi,Rajasthan,21-Dec,422959,18890,404069
ED1006,C006,english,maharashtra,21-Dec,375713,13938,361775
ED1007,C007,Hindi,Jharkhand,21-Dec,210325,16350,193975
ED1002,C002,ENGLISH,Delhi,21-Dec,328098,22971,305127
ED1003,C003,Hindi,Madhya_Pradesh,21-Dec,258495,10417,248078
ED1010,C010,Hindi,Uttar-Pradesh,21-Dec,427451,17045,410406
ED1008,C008,Hindi,Uttar Pradesh,21-Dec,341258,24146,317112
ED1009,C009,Hindi,gujarat,21-Dec,283441,16320,267121
ED1001,C001,hindi,Uttar pradesh,21-Dec,183747,8214,175533
ED1004,C004,Hindi,bihar,21-Dec,???232759,14188,218571
ED1004,C004,Hindi,bihar,21-Nov,240275,13003,227272
ED1006,C006,english,maharashtra,21-Nov,377815,17511,360304
ED1008,C008,Hindi,Uttar Pradesh,21-Nov,358005,21923,336082
ED1003,C003,Hindi,Madhya_Pradesh,21-Nov,263279,12141,251138
ED1005,C005,Hindi,Rajasthan,21-Nov,433596,27970,405626
ED1009,C009,Hindi,gujarat,21-Nov,298775,17165,281610
ED1010,C010,Hindi,Uttar-Pradesh,21-Nov,414728,30357,384371
ED1001,C001,hindi,Uttar pradesh,21-Nov,183241,14530,168711
ED1007,C007,Hindi,Jharkhand,21-Nov,228205,7750,220455
ED1002,C002,ENGLISH,Delhi,21-Nov,356211,25456,330755
ED1001,C001,hindi,Uttar pradesh,21-Oct,194492,12156,182336
ED1006,C006,english,maharashtra,21-Oct,362712,24978,337734
ED1003,C003,Hindi,Madhya_Pradesh,21-Oct,251391,19909,231482
ED1004,C004,Hindi,bihar,21-Oct,233994,14684,219310
ED1009,C009,Hindi,gujarat,21-Oct,302901,14184,288717
ED1008,C008,Hindi,Uttar Pradesh,21-Oct,332029,20139,311890
ED1005,C005,Hindi,Rajasthan,21-Oct,439290,17740,421550
ED1007,C007,Hindi,Jharkhand,21-Oct,222697,7739,214958
ED1002,C002,ENGLISH,Delhi,21-Oct,341868,17970,323898
ED1010,C010,Hindi,Uttar-Pradesh,21-Oct,425905,16802,409103
ED1008,C008,Hindi,Uttar Pradesh,21-Sep,329679,12959,316720
ED1004,C004,Hindi,bihar,21-Sep,243443,17615,225828
ED1007,C007,Hindi,Jharkhand,21-Sep,???230861,9420,221441
ED1003,C003,Hindi,Madhya_Pradesh,21-Sep,249931,11173,238758
ED1002,C002,ENGLISH,Delhi,21-Sep,352928,22534,330394
ED1005,C005,Hindi,Rajasthan,21-Sep,449135,28770,420365
ED1010,C010,Hindi,Uttar-Pradesh,21-Sep,420921,24243,396678
ED1006,C006,english,maharashtra,21-Sep,385886,23622,362264
ED1009,C009,Hindi,gujarat,21-Sep,284447,21726,262721
ED1001,C001,hindi,Uttar pradesh,21-Sep,191553,12629,178924
ED1001,C001,hindi,Uttar pradesh,21-Aug,191534,11091,180443
ED1010,C010,Hindi,Uttar-Pradesh,21-Aug,433448,22366,411082
ED1005,C005,Hindi,Rajasthan,21-Aug,421999,13339,408660
ED1004,C004,Hindi,bihar,21-Aug,229744,9684,220060
ED1008,C008,Hindi,Uttar Pradesh,21-Aug,333142,12782,320360
ED1003,C003,Hindi,Madhya_Pradesh,21-Aug,258613,17249,241364
ED1002,C002,ENGLISH,Delhi,21-Aug,353024,13150,339874
ED1007,C007,Hindi,Jharkhand,21-Aug,230706,7237,223469
ED1009,C009,Hindi,gujarat,21-Aug,283739,20831,262908
ED1006,C006,english,maharashtra,21-Aug,369967,25111,344856
ED1006,C006,english,maharashtra,21-Jul,377357,17925,359432
ED1003,C003,Hindi,Madhya_Pradesh,21-Jul,265136,13672,251464
ED1001,C001,hindi,Uttar pradesh,21-Jul,184874,11596,173278
ED1007,C007,Hindi,Jharkhand,21-Jul,211986,7591,204395
ED1005,C005,Hindi,Rajasthan,21-Jul,421446,30319,391127
ED1008,C008,Hindi,Uttar Pradesh,21-Jul,341449,18181,323268
ED1010,C010,Hindi,Uttar-Pradesh,21-Jul,446936,30980,415956
ED1004,C004,Hindi,bihar,21-Jul,248360,15715,232645
ED1009,C009,Hindi,gujarat,21-Jul,280815,18135,262680
ED1002,C002,ENGLISH,Delhi,21-Jul,348093,11620,336473
ED1002,C002,ENGLISH,Delhi,21-Jun,351210,18616,332594
ED1008,C008,Hindi,Uttar Pradesh,21-Jun,354278,19786,334492
ED1001,C001,hindi,Uttar pradesh,21-Jun,185010,12024,172986
ED1004,C004,Hindi,bihar,21-Jun,230619,8850,221769
ED1003,C003,Hindi,Madhya_Pradesh,21-Jun,???258144,8017,250127
ED1010,C010,Hindi,Uttar-Pradesh,21-Jun,415364,28191,387173
ED1009,C009,Hindi,gujarat,21-Jun,???301605,15271,286334
ED1005,C005,Hindi,Rajasthan,21-Jun,439438,17757,421681
ED1007,C007,Hindi,Jharkhand,21-Jun,215646,12054,203592
ED1006,C006,english,maharashtra,21-Jun,389549,14397,375152
ED1008,C008,Hindi,Uttar Pradesh,21-May,351882,27321,324561
ED1006,C006,english,maharashtra,21-May,394747,29544,365203
ED1004,C004,Hindi,bihar,21-May,249319,14148,235171
ED1001,C001,hindi,Uttar pradesh,21-May,???192181,10922,181259
ED1002,C002,ENGLISH,Delhi,21-May,333290,17654,315636
ED1003,C003,Hindi,Madhya_Pradesh,21-May,259870,10840,249030
ED1005,C005,Hindi,Rajasthan,21-May,417148,25010,392138
ED1010,C010,Hindi,Uttar-Pradesh,21-May,414465,18439,396026
ED1007,C007,Hindi,Jharkhand,21-May,231707,13514,218193
ED1008,C008,Hindi,Uttar Pradesh,21-Apr,331517,14384,317133
ED1009,C009,Hindi,gujarat,21-Apr,294325,15248,279077
ED1010,C010,Hindi,Uttar-Pradesh,21-Apr,443605,31772,411833
ED1003,C003,Hindi,Madhya_Pradesh,21-Apr,257144,15544,241600
ED1001,C001,hindi,Uttar pradesh,21-Apr,176911,8458,168453
ED1005,C005,Hindi,Rajasthan,21-Apr,452804,14119,438685
ED1006,C006,english,maharashtra,21-Apr,380638,13316,367322
ED1004,C004,Hindi,bihar,21-Apr,246463,11672,234791
ED1007,C007,Hindi,Jharkhand,21-Apr,229370,7989,221381
ED1002,C002,ENGLISH,Delhi,21-Apr,330327,25420,304907
ED1010,C010,Hindi,Uttar-Pradesh,21-Mar,417421,25048,392373
ED1005,C005,Hindi,Rajasthan,21-Mar,454923,29154,425769
ED1009,C009,Hindi,gujarat,21-Mar,296487,10136,286351
ED1001,C001,hindi,Uttar pradesh,21-Mar,190942,8737,182205
ED1008,C008,Hindi,Uttar Pradesh,21-Mar,342639,14312,328327
ED1006,C006,english,maharashtra,21-Mar,370814,16084,354730
ED1004,C004,Hindi,bihar,21-Mar,248447,11548,236899
ED1003,C003,Hindi,Madhya_Pradesh,21-Mar,257472,12583,244889
ED1002,C002,ENGLISH,Delhi,21-Mar,344462,25664,318798
ED1007,C007,Hindi,Jharkhand,21-Mar,231185,7705,223480
ED1002,C002,ENGLISH,Delhi,21-Feb,341324,10896,330428
ED1007,C007,Hindi,Jharkhand,21-Feb,222154,11636,210518
ED1010,C010,Hindi,Uttar-Pradesh,21-Feb,437450,18105,419345
ED1008,C008,Hindi,Uttar Pradesh,21-Feb,359948,15287,344661
ED1009,C009,Hindi,gujarat,21-Feb,286431,14594,271837
ED1003,C003,Hindi,Madhya_Pradesh,21-Feb,257262,19914,237348
ED1004,C004,Hindi,bihar,21-Feb,239784,16422,223362
ED1005,C005,Hindi,Rajasthan,21-Feb,426950,30256,396694
ED1006,C006,english,maharashtra,21-Feb,386629,30682,355947
ED1010,C010,Hindi,Uttar-Pradesh,21-Jan,413556,31538,382018
ED1001,C001,hindi,Uttar pradesh,21-Jan,192396,12034,180362
ED1005,C005,Hindi,Rajasthan,21-Jan,427627,14963,412664
ED1008,C008,Hindi,Uttar Pradesh,21-Jan,347194,14004,333190
ED1002,C002,ENGLISH,Delhi,21-Jan,351519,15734,335785
ED1007,C007,Hindi,Jharkhand,21-Jan,224027,9523,214504
ED1003,C003,Hindi,Madhya_Pradesh,21-Jan,248350,8423,239927
ED1006,C006,english,maharashtra,21-Jan,368060,23621,344439
ED1004,C004,Hindi,bihar,21-Jan,227221,17328,209893
ED1009,C009,Hindi,gujarat,21-Jan,299988,10495,289493
ED1008,C008,Hindi,Uttar Pradesh,20-Dec,370710,20295,350415
ED1005,C005,Hindi,Rajasthan,20-Dec,473341,22205,451136
ED1004,C004,Hindi,bihar,20-Dec,245115,8048,237067
ED1003,C003,Hindi,Madhya_Pradesh,20-Dec,260310,20595,239715
ED1001,C001,hindi,Uttar pradesh,20-Dec,204263,10604,193659
ED1009,C009,Hindi,gujarat,20-Dec,???319761,24569,295192
ED1006,C006,english,maharashtra,20-Dec,403461,15765,387696
ED1002,C002,ENGLISH,Delhi,20-Dec,349735,25128,324607
ED1007,C007,Hindi,Jharkhand,20-Dec,???241631,17057,224574
ED1010,C010,Hindi,Uttar-Pradesh,20-Dec,474884,33059,441825
ED1006,C006,english,maharashtra,20-Nov,397852,28110,369742
ED1009,C009,Hindi,gujarat,20-Nov,305201,22834,282367
ED1001,C001,hindi,Uttar pradesh,20-Nov,195830,12781,183049
ED1004,C004,Hindi,bihar,20-Nov,254696,11582,243114
ED1005,C005,Hindi,Rajasthan,20-Nov,477280,23079,454201
ED1002,C002,ENGLISH,Delhi,20-Nov,367848,13467,354381
ED1010,C010,Hindi,Uttar-Pradesh,20-Nov,468330,22547,445783
ED1008,C008,Hindi,Uttar Pradesh,20-Nov,366921,23169,343752
ED1007,C007,Hindi,Jharkhand,20-Nov,237095,10618,226477
ED1003,C003,Hindi,Madhya_Pradesh,20-Nov,262140,20514,241626
ED1007,C007,Hindi,Jharkhand,20-Oct,234563,13048,221515
ED1009,C009,Hindi,gujarat,20-Oct,???295294,20493,274801
ED1003,C003,Hindi,Madhya_Pradesh,20-Oct,270763,19009,251754
ED1006,C006,english,maharashtra,20-Oct,387298,30334,356964
ED1002,C002,ENGLISH,Delhi,20-Oct,???360098,17536,342562
ED1010,C010,Hindi,Uttar-Pradesh,20-Oct,436144,31892,404252
ED1004,C004,Hindi,bihar,20-Oct,241553,13761,227792
ED1005,C005,Hindi,Rajasthan,20-Oct,???460138,25817,434321
ED1008,C008,Hindi,Uttar Pradesh,20-Oct,359740,11120,348620
ED1001,C001,hindi,Uttar pradesh,20-Oct,???204356,13975,190381
ED1009,C009,Hindi,gujarat,20-Sep,304566,22870,281696
ED1010,C010,Hindi,Uttar-Pradesh,20-Sep,479906,26402,453504
ED1003,C003,Hindi,Madhya_Pradesh,20-Sep,262987,9491,253496
ED1002,C002,ENGLISH,Delhi,20-Sep,375918,19433,356485
ED1006,C006,english,maharashtra,20-Sep,395698,28423,367275
ED1004,C004,Hindi,bihar,20-Sep,245314,13157,232157
ED1007,C007,Hindi,Jharkhand,20-Sep,???235511,7237,228274
ED1008,C008,Hindi,Uttar Pradesh,20-Sep,366091,27741,338350
ED1005,C005,Hindi,Rajasthan,20-Sep,???472940,35570,437370
ED1001,C001,hindi,Uttar pradesh,20-Sep,205413,13482,191931
ED1004,C004,Hindi,bihar,20-Aug,242482,11939,230543
ED1010,C010,Hindi,Uttar-Pradesh,20-Aug,???439256,15046,424210
ED1003,C003,Hindi,Madhya_Pradesh,20-Aug,281482,12595,268887
ED1007,C007,Hindi,Jharkhand,20-Aug,242274,17654,224620
ED1008,C008,Hindi,Uttar Pradesh,20-Aug,366111,19900,346211
ED1005,C005,Hindi,Rajasthan,20-Aug,445977,30381,415596
ED1009,C009,Hindi,gujarat,20-Aug,292723,11938,280785
ED1006,C006,english,maharashtra,20-Aug,394137,28202,365935
ED1002,C002,ENGLISH,Delhi,20-Aug,364920,17774,347146
ED1008,C008,Hindi,Uttar Pradesh,20-Jul,351326,11148,340178
ED1005,C005,Hindi,Rajasthan,20-Jul,448097,22270,425827
ED1004,C004,Hindi,bihar,20-Jul,241009,14832,226177
ED1007,C007,Hindi,Jharkhand,20-Jul,237334,8538,228796
ED1002,C002,ENGLISH,Delhi,20-Jul,360134,23892,336242
ED1001,C001,hindi,Uttar pradesh,20-Jul,191981,10816,181165
ED1009,C009,Hindi,gujarat,20-Jul,295001,21464,273537
ED1003,C003,Hindi,Madhya_Pradesh,20-Jul,263800,11988,251812
ED1010,C010,Hindi,Uttar-Pradesh,20-Jul,465825,29362,436463
ED1006,C006,english,maharashtra,20-Jul,411237,14933,396304
ED1006,C006,english,maharashtra,20-Jun,408191,25077,383114
ED1007,C007,Hindi,Jharkhand,20-Jun,???234837,17358,217479
ED1002,C002,ENGLISH,Delhi,20-Jun,370168,20752,349416
ED1008,C008,Hindi,Uttar Pradesh,20-Jun,379174,20291,358883
ED1005,C005,Hindi,Rajasthan,20-Jun,483654,14859,468795
ED1001,C001,hindi,Uttar pradesh,20-Jun,195141,12695,182446
ED1010,C010,Hindi,Uttar-Pradesh,20-Jun,448298,19049,429249
ED1009,C009,Hindi,gujarat,20-Jun,???321881,22403,299478
ED1004,C004,Hindi,bihar,20-Jun,249823,16039,233784
ED1003,C003,Hindi,Madhya_Pradesh,20-Jun,275941,12509,263432
ED1007,C007,Hindi,Jharkhand,20-May,234054,14644,219410
ED1002,C002,ENGLISH,Delhi,20-May,349433,22561,326872
ED1005,C005,Hindi,Rajasthan,20-May,457401,22914,434487
ED1001,C001,hindi,Uttar pradesh,20-May,???190618,7629,182989
ED1004,C004,Hindi,bihar,20-May,258377,18121,240256
ED1006,C006,english,maharashtra,20-May,416717,20879,395838
ED1010,C010,Hindi,Uttar-Pradesh,20-May,438755,21279,417476
ED1009,C009,Hindi,gujarat,20-May,304022,23886,280136
ED1008,C008,Hindi,Uttar Pradesh,20-May,365086,25284,339802
ED1003,C003,Hindi,Madhya_Pradesh,20-May,273866,12856,261010
ED1006,C006,english,maharashtra,20-Apr,389210,11735,377475
ED1009,C009,Hindi,gujarat,20-Apr,312704,17758,294946
ED1004,C004,Hindi,bihar,20-Apr,259434,8473,250961
ED1001,C001,hindi,Uttar pradesh,20-Apr,193147,11422,181725
ED1007,C007,Hindi,Jharkhand,20-Apr,241690,8803,232887
ED1008,C008,Hindi,Uttar Pradesh,20-Apr,366678,28791,337887
ED1005,C005,Hindi,Rajasthan,20-Apr,449446,23943,425503
ED1003,C003,Hindi,Madhya_Pradesh,20-Apr,279513,21009,258504
ED1010,C010,Hindi,Uttar-Pradesh,20-Apr,455526,21880,433646
ED1002,C002,ENGLISH,Delhi,20-Apr,???374554,13628,360926
ED1002,C002,ENGLISH,Delhi,20-Mar,356422,17505,338917
ED1007,C007,Hindi,Jharkhand,20-Mar,232783,7954,224829
ED1003,C003,Hindi,Madhya_Pradesh,20-Mar,272221,21026,251195
ED1009,C009,Hindi,gujarat,20-Mar,319438,14097,305341
ED1008,C008,Hindi,Uttar Pradesh,20-Mar,371097,12480,358617
ED1010,C010,Hindi,Uttar-Pradesh,20-Mar,477141,16661,460480
ED1006,C006,english,maharashtra,20-Mar,399016,16075,382941
ED1004,C004,Hindi,bihar,20-Mar,259573,8314,251259
ED1001,C001,hindi,Uttar pradesh,20-Mar,186109,6328,179781
ED1009,C009,Hindi,gujarat,20-Feb,320761,14024,306737
ED1007,C007,Hindi,Jharkhand,20-Feb,240730,17118,223612
ED1005,C005,Hindi,Rajasthan,20-Feb,441835,20817,421018
ED1004,C004,Hindi,bihar,20-Feb,250565,18691,231874
ED1003,C003,Hindi,Madhya_Pradesh,20-Feb,???267971,15069,252902
ED1008,C008,Hindi,Uttar Pradesh,20-Feb,???370090,13357,356733
ED1006,C006,english,maharashtra,20-Feb,418157,23899,394258
ED1002,C002,ENGLISH,Delhi,20-Feb,378800,13403,365397
ED1001,C001,hindi,Uttar pradesh,20-Feb,205293,8838,196455
ED1010,C010,Hindi,Uttar-Pradesh,20-Feb,456793,23564,433229
ED1005,C005,Hindi,Rajasthan,20-Jan,447359,26679,420680
ED1002,C002,ENGLISH,Delhi,20-Jan,374659,20241,354418
ED1010,C010,Hindi,Uttar-Pradesh,20-Jan,444565,25107,419458
ED1009,C009,Hindi,gujarat,20-Jan,298464,18346,280118
ED1008,C008,Hindi,Uttar Pradesh,20-Jan,???357592,13802,343790
ED1004,C004,Hindi,bihar,20-Jan,242186,11562,230624
ED1001,C001,hindi,Uttar pradesh,20-Jan,192078,6990,185088
ED1007,C007,Hindi,Jharkhand,20-Jan,235068,8868,226200
ED1003,C003,Hindi,Madhya_Pradesh,20-Jan,263752,10360,253392
ED1006,C006,english,maharashtra,20-Jan,412578,30046,382532
ED1003,C003,Hindi,Madhya_Pradesh,19-Dec,281893,17252,264641
ED1005,C005,Hindi,Rajasthan,19-Dec,???488725,16187,472538
ED1004,C004,Hindi,bihar,19-Dec,???271003,20167,250836
ED1001,C001,hindi,Uttar pradesh,19-Dec,201150,15258,185892
ED1002,C002,ENGLISH,Delhi,19-Dec,395790,12887,382903
ED1006,C006,english,maharashtra,19-Dec,405002,23327,381675
ED1010,C010,Hindi,Uttar-Pradesh,19-Dec,500432,38021,462411
ED1007,C007,Hindi,Jharkhand,19-Dec,241389,18779,222610
ED1008,C008,Hindi,Uttar Pradesh,19-Dec,383849,15938,367911
ED1009,C009,Hindi,gujarat,19-Dec,329058,17650,311408
ED1001,C001,hindi,Uttar pradesh,19-Nov,208186,8632,199554
ED1008,C008,Hindi,Uttar Pradesh,19-Nov,385207,25419,359788
ED1002,C002,ENGLISH,Delhi,19-Nov,???400587,29577,371010
ED1009,C009,Hindi,gujarat,19-Nov,321586,24801,296785
ED1005,C005,Hindi,Rajasthan,19-Nov,495689,20328,475361
ED1003,C003,Hindi,Madhya_Pradesh,19-Nov,276982,15860,261122
ED1010,C010,Hindi,Uttar-Pradesh,19-Nov,464625,33019,431606
ED1007,C007,Hindi,Jharkhand,19-Nov,233314,10543,222771
ED1006,C006,english,maharashtra,19-Nov,410682,12603,398079
ED1004,C004,Hindi,bihar,19-Nov,257488,8160,249328
ED1002,C002,ENGLISH,Delhi,19-Oct,372975,27522,345453
ED1010,C010,Hindi,Uttar-Pradesh,19-Oct,507012,19757,487255
ED1008,C008,Hindi,Uttar Pradesh,19-Oct,384291,12636,371655
ED1001,C001,hindi,Uttar pradesh,19-Oct,205192,6805,198387
ED1003,C003,Hindi,Madhya_Pradesh,19-Oct,291318,15276,276042
ED1006,C006,english,maharashtra,19-Oct,402349,13818,388531
ED1004,C004,Hindi,bihar,19-Oct,254082,17431,236651
ED1009,C009,Hindi,gujarat,19-Oct,316135,18722,297413
ED1005,C005,Hindi,Rajasthan,19-Oct,478235,17663,460572
ED1007,C007,Hindi,Jharkhand,19-Oct,249706,15415,234291
ED1005,C005,Hindi,Rajasthan,19-Sep,511248,26801,484447
ED1009,C009,Hindi,gujarat,19-Sep,307061,13997,293064
ED1008,C008,Hindi,Uttar Pradesh,19-Sep,???383817,30508,353309
ED1003,C003,Hindi,Madhya_Pradesh,19-Sep,278122,12933,265189
ED1001,C001,hindi,Uttar pradesh,19-Sep,210227,12778,197449
ED1006,C006,english,maharashtra,19-Sep,420151,29899,390252
ED1007,C007,Hindi,Jharkhand,19-Sep,???244928,12322,232606
ED1010,C010,Hindi,Uttar-Pradesh,19-Sep,506401,28703,477698
ED1004,C004,Hindi,bihar,19-Sep,255312,18967,236345
ED1002,C002,ENGLISH,Delhi,19-Sep,364960,27638,337322
ED1006,C006,english,maharashtra,19-Aug,424402,26771,397631
ED1009,C009,Hindi,gujarat,19-Aug,???312856,13297,299559
ED1004,C004,Hindi,bihar,19-Aug,277633,19458,258175
ED1007,C007,Hindi,Jharkhand,19-Aug,252600,10479,242121
ED1001,C001,hindi,Uttar pradesh,19-Aug,205447,12781,192666
ED1002,C002,ENGLISH,Delhi,19-Aug,???379822,21149,358673
ED1008,C008,Hindi,Uttar Pradesh,19-Aug,376851,22825,354026
ED1010,C010,Hindi,Uttar-Pradesh,19-Aug,502705,29789,472916
ED1003,C003,Hindi,Madhya_Pradesh,19-Aug,287698,17754,269944
ED1005,C005,Hindi,Rajasthan,19-Aug,472599,18809,453790
ED1002,C002,ENGLISH,Delhi,19-Jul,384598,20109,364489
ED1010,C010,Hindi,Uttar-Pradesh,19-Jul,478384,26410,451974
ED1005,C005,Hindi,Rajasthan,19-Jul,495839,27892,467947
ED1001,C001,hindi,Uttar pradesh,19-Jul,204007,12846,191161
ED1004,C004,Hindi,bihar,19-Jul,263919,11064,252855
ED1009,C009,Hindi,gujarat,19-Jul,316967,18921,298046
ED1003,C003,Hindi,Madhya_Pradesh,19-Jul,297331,11267,286064
ED1007,C007,Hindi,Jharkhand,19-Jul,252228,10513,241715
ED1006,C006,english,maharashtra,19-Jul,403289,20387,382902
ED1008,C008,Hindi,Uttar Pradesh,19-Jul,373047,29643,343404
ED1002,C002,ENGLISH,Delhi,19-Jun,387789,11738,376051
ED1007,C007,Hindi,Jharkhand,19-Jun,235078,10381,224697
ED1009,C009,Hindi,gujarat,19-Jun,334610,22617,311993
ED1004,C004,Hindi,bihar,19-Jun,277718,11991,265727
ED1003,C003,Hindi,Madhya_Pradesh,19-Jun,276093,8698,267395
ED1001,C001,hindi,Uttar pradesh,19-Jun,210775,10072,200703
ED1006,C006,english,maharashtra,19-Jun,432670,17238,415432
ED1005,C005,Hindi,Rajasthan,19-Jun,474645,20349,454296
ED1010,C010,Hindi,Uttar-Pradesh,19-Jun,489575,27396,462179
ED1008,C008,Hindi,Uttar Pradesh,19-Jun,400540,18893,381647
ED1005,C005,Hindi,Rajasthan,19-May,498423,30933,467490
ED1003,C003,Hindi,Madhya_Pradesh,19-May,297817,20351,277466
ED1002,C002,ENGLISH,Delhi,19-May,397820,27489,370331
ED1010,C010,Hindi,Uttar-Pradesh,19-May,???480926,35500,445426
ED1004,C004,Hindi,bihar,19-May,256933,11125,245808
ED1009,C009,Hindi,gujarat,19-May,321591,22719,298872
ED1006,C006,english,maharashtra,19-May,411524,12811,398713
ED1001,C001,hindi,Uttar pradesh,19-May,213822,6939,206883
ED1008,C008,Hindi,Uttar Pradesh,19-May,393557,13129,380428
ED1006,C006,english,maharashtra,19-Apr,413633,28647,384986
ED1010,C010,Hindi,Uttar-Pradesh,19-Apr,495571,36995,458576
ED1005,C005,Hindi,Rajasthan,19-Apr,???492394,15835,476559
ED1009,C009,Hindi,gujarat,19-Apr,323016,24055,298961
ED1008,C008,Hindi,Uttar Pradesh,19-Apr,???398299,16477,381822
ED1002,C002,ENGLISH,Delhi,19-Apr,385918,15631,370287
ED1001,C001,hindi,Uttar pradesh,19-Apr,???201220,6569,194651
ED1003,C003,Hindi,Madhya_Pradesh,19-Apr,294838,9447,285391
ED1004,C004,Hindi,bihar,19-Apr,272198,18402,253796
ED1007,C007,Hindi,Jharkhand,19-Apr,253719,16510,237209
ED1005,C005,Hindi,Rajasthan,19-Mar,492943,25024,467919
ED1001,C001,hindi,Uttar pradesh,19-Mar,198628,13704,184924
ED1008,C008,Hindi,Uttar Pradesh,19-Mar,377684,22830,354854
ED1009,C009,Hindi,gujarat,19-Mar,327435,22851,304584
ED1007,C007,Hindi,Jharkhand,19-Mar,240891,9682,231209
ED1004,C004,Hindi,bihar,19-Mar,276670,11636,265034
ED1006,C006,english,maharashtra,19-Mar,432945,18010,414935
ED1010,C010,Hindi,Uttar-Pradesh,19-Mar,500405,28526,471879
ED1002,C002,ENGLISH,Delhi,19-Mar,370373,21245,349128
ED1003,C003,Hindi,Madhya_Pradesh,19-Mar,???296371,14509,281862
ED1003,C003,Hindi,Madhya_Pradesh,19-Feb,274749,13327,261422
ED1002,C002,ENGLISH,Delhi,19-Feb,371419,23489,347930
ED1010,C010,Hindi,Uttar-Pradesh,19-Feb,499292,22929,476363
ED1005,C005,Hindi,Rajasthan,19-Feb,474309,17406,456903
ED1006,C006,english,maharashtra,19-Feb,420971,30706,390265
ED1007,C007,Hindi,Jharkhand,19-Feb,241078,17968,223110
ED1008,C008,Hindi,Uttar Pradesh,19-Feb,???372778,24066,348712
ED1009,C009,Hindi,gujarat,19-Feb,319110,17151,301959
ED1004,C004,Hindi,bihar,19-Feb,277678,18188,259490
ED1001,C001,hindi,Uttar pradesh,19-Feb,198270,14522,183748
ED1002,C002,ENGLISH,Delhi,19-Jan,396250,15569,380681
ED1009,C009,Hindi,gujarat,19-Jan,324890,12993,311897
ED1007,C007,Hindi,Jharkhand,19-Jan,244851,15400,229451
ED1006,C006,english,maharashtra,19-Jan,421894,22522,399372
ED1001,C001,hindi,Uttar pradesh,19-Jan,211806,11669,200137
ED1003,C003,Hindi,Madhya_Pradesh,19-Jan,282436,10768,271668
ED1010,C010,Hindi,Uttar-Pradesh,19-Jan,470435,37574,432861
ED1005,C005,Hindi,Rajasthan,19-Jan,476937,25474,451463
ED1004,C004,Hindi,bihar,19-Jan,266133,19947,246186
ED1008,C008,Hindi,Uttar Pradesh,19-Jan,362751,14529,348222
